Rk,Player,Twitter
1,Fabricio Oberto,obricio7
2,Royce White,Highway_30
3,Cristiano Felício,IamFelicio
4,Rodions Kurucs,RODIONS1
5,Wesley Saunders,shyxxm
6,Jarred Vanderbilt,JVando
7,Hassan Whiteside,youngwhiteside
8,Robert Upshaw,UPSHAW50
9,Marcus Paige,marcuspaige5
10,Bruce Brown,BruceBrown11
11,Bismack Biyombo,bismackbiyombo
12,Cliff Alexander,CAlexander
13,Cory Higgins,chiggins11
14,Abdel Nader,AbdelNader2
15,Hamidou Diallo,hamidoudiallo
16,Melvin Ejim,MelvinEjim
17,De'Anthony Melton,DeAnthonyMelton
18,Andray Blatche,drayblatche
19,Terran Petteway,_TP5
20,Tyrone Wallace,TyWallace661
21,Svi Mykhailiuk,Sviat_10
22,T.J. McConnell,TJMcConnell
23,Marshall Plumlee,marshallplumlee
24,Keita Bates-Diop,KBD_33
25,Scottie Wilbekin,scottiew_5
26,Chimezie Metu,Chimezie_Metu
27,Jordan Williams,Jwilliams20
28,Alize Johnson,AlizeJohnson
29,Darington Hobson,ParkaySmooth
30,Lou Williams,TeamLou23
31,Aaron Harrison,AaronICE2
32,Tony Carr,Tone10Carr
33,Zaza Pachulia,zaza27
34,Christian Wood,Chriswood_5
35,Mindaugas Kuzminskas,MKuzminskas
36,Vince Edwards,VE_12
37,Jeremy Pargo,ImJustPargo
38,Boban Marjanović,BobanMarjanovic
39,Stefan Janković,StefanJ33
40,Jonathon Simmons,ThaRealJsimms
41,Dorian Finney-Smith,doefinney_10
42,Shake Milton,SniperShake
43,Tyler Honeycutt,thoneycutt23
44,Okaro White,owhite10
45,Arnoldas Kulboka,kulboka98
46,Craig Brackins,Cbrackins_33
47,Axel Toupane,toups_33
48,Danuel House Jr.,DanuelHouseJr
49,Ray Spalding,RaySpalding_4
50,Terrence Williams,TheRealTWill
51,Shannon Scott,3SScott
52,Nicolás Brussino,nicoobrussino
53,Kevin Hervey,kherv_25
54,Dennis Horner,DHorner31
55,Ryan Arcidiacono,RyArch15
56,Thomas Welsh,tomwelsh40
57,Jarrid Famous,MrFamous_CME
58,Bryn Forbes,BrynjForbes
59,George King,2bkings
60,Lester Hudson,Lester26Hudson
61,Fred VanVleet,FredVanVleet
62,Kostas Antetokounmpo,Kostas_ante13
63,Primož Brezec,Primozbrezec
64,Chris Hunter,biggame_hunter
65,Salah Mejri,50Mejri
66,Matt Costello,MattCostello10
67,Malik Newman,iammaliknewman
68,Kyle Collinsworth,bigrussia5
69,Jaylen Adams,10jadams
70,Egidijus Mockevičius,Egidijus55
71,J.P. Macura,jpmacura
72,Jon Brockman,MrJonBrockman
73,Terrico White,TerricoWhite5
74,Keith Hornsby,KHornsby4
75,Kendrick Perkins,KendrickPerkins
76,Treveon Graham,TreBall21
77,Jameel Warney,Fullcoursemeelz
78,Jared Terrell,TheJaredTerrell
79,Yogi Ferrell,YogiFerrell11
80,Ángel Delgado,AngelDelgado
81,Levi Randolph,LeviRandolph20
82,Sheldon Mac,sheldonmacc
83,Billy Preston,nolimitbill
84,Malcolm Miller,MalcMili13
85,Beau Beech,beaubeech02
86,Ersan İlyasova,Ersan
87,Mike Tobey,miketobey10
88,Duncan Robinson,D_Bo20
89,Tim Quarterman,TimQuarterman1
90,Ryan Broekhoff,RBroekhoff45
91,Leandro Barbosa,TheBlurBarbosa
92,Derrick Brown,D_Brown4
93,Mickey McConnell,MickeyMcConnell
94,Patricio Garino,patitogarino
95,Keenan Evans,K3vans12
96,Sam Young,SamYoung4
97,Brad Wanamaker,phillybul_22
98,Ron Baker,RonBaker31
99,Mickaël Piétrus,MickaelPietrus
100,Troy Williams,troywilliams_
101,Garlon Green,G650G
102,Obi Toppin,obitoppin1
103,Jarrod Uthoff,Mr_Uthoff
104,Yuta Watanabe,wacchi1013
105,LaMelo Ball,MELOD1P
106,Darnell Jackson,DBlock_Official
107,Luke Zeller,LukeZeller40
108,Mustapha Farrakhan,lilmu2
109,Wayne Selden,WayneSeldenJr
110,Kenrich Williams,williamskenrich
111,Luke Sikma,LCSikma43
112,Chasson Randle,ChassonRandle
113,Joel Berry,JoelBerryII
114,Deni Avdija,deniavdia8
115,Yanick Moreira,Ymoreira02
116,Trevon Duval,DatGuy_Trey
117,James Wiseman,BigTicket_JW
118,Marcus Georges-Hunt,GTMGH3
119,Rawle Alkins,Iam_RawleAlkins
120,Killian Hayes,iam_killian
121,Terry Porter,terryporter30
122,Michael Stockton,MikeStock20
123,Alex Poythress,AlexTheGreat22
124,Daryl Macon,_dmacon4
125,Isaac Okoro,isaacokoro303
126,John Holland,Jholland_23
127,Zach Auguste,ZachEliAuguste
128,Tyrese Haliburton,TyHaliburton22
129,Damion James,KONJames10
130,Cat Barber,catbarber1994
131,Terry Larrier,_TL22
132,Stephan Hicks,SmoovSteph
133,Aaron Nesmith,aaronnesmith24
134,Wenyen Gabriel,WenyenGabriel
135,Tyrese Maxey,TyreseMaxey
136,Ryan Thompson,RyT5
137,Andrew Andrews,Drew_squared
138,Brandon McCoy,Mccoy_blvd
139,Saddiq Bey,_Beyyy15
140,Pablo Prigioni,PPrigioni9
141,Ricky Ledo,REALRICKLEDO1
142,Jacob Pullen,Jpullz0
143,Rasheed Sulaimon,sheed_ctmd1
144,Precious Achiuwa,PreciousAchiuwa
145,Nick Zeisloft,n_zeis2
146,Jairus Lyles,_jlyles
147,Cole Anthony,The_ColeAnthony
148,Matt Janning,mjanning23
149,Quincy Ford,Qman_12
150,Jordan McLaughlin,itsmclaughlin11
151,Kendrick Nunn,nunnbetter_
152,Isaiah Stewart,Dreamville_33
153,Othyus Jeffers,OthyusTheGreat
154,Jonathan Gibson,jgiblife
155,D'Vauntes Smith-Rivera,DSR43
156,Johnny Hamilton,johnny_tall
157,R.J. Hampton,RjHampton14
158,D.J. Stephens,DdotJAY30
159,Lazeric Jones,Zeek_Jones11
160,Theo Pinson,tpinsonn
161,Tim Bond,itsbout_TIM
162,Devin Vassell,Yvngdevo
163,Scotty Hopson,Shopson32
164,Nikola Jovanović,Nik_Jovanovic
165,Codi Miller-McIntyre,CMMPatience
166,Xavier Tillman Sr.,Rookiedunker
167,C.J. Williams,C_Will21
168,Braian Angola,Angola2411
169,Haywood Highsmith,Bigscony
170,Kira Lewis Jr.,kiralewisjr
171,Jonas Jerebko,JonasJerebko
172,Dante Exum,daanteee
173,Jalen Smith,thejalen_smith
174,Derrick Caracter,RebuildCaracter
175,Eugene Jeter,PoohJeter
176,Jusuf Nurkić,bosnianbeast27
177,Damion Lee,Dami0nLee
178,Johnathan Williams,Iam_J3
179,Bruno Caboclo,Bruno_Caboclo
180,J.J. Avila,NotLilJay
181,Gary Clark,Gary11_Clark
182,Amir Johnson,IamAmirJohnson
183,Clint Capela,CapelaClint
184,Garrett Stutz,Gstutz41
185,Derrick Jones Jr.,TheRea1DJones
186,Jaylen Barford,Jbarford1
187,Bogdan Bogdanović,LeaderOfHorde
188,Isaiah Wilkins,isaiahwilkins21
189,Dairis Bertāns,DairisBertans
190,Patrick Williams,patricklw4
191,Armon Johnson,AJALLDAY1
192,Damien Inglis,DamienINGLIS
193,Lamont Mack,MONT_MACK
194,Kyle Wiltjer,kwiltj
195,Zach Smith,SuperDuperZach
196,Zeke Nnaji,ZekeNnaji_Hoopz
197,Thanasis Antetokounmpo,Thanasis_ante43
198,Mac Koshwal,Macmainstreet
199,Norvel Pelle,NorvelPelle05
200,Cody Demps,CodyDemps
201,Jaden McDaniels,Jmcdaniels7
202,Avery Johnson,CoachAvery6
203,Isaiah Taylor,Zay_Ctmd11
204,Emanuel Terry,EmanuelTerry08
205,Dusty Hannahs,D_Hannahs
206,Alex Caruso,ACFresh21
207,Jordan Loyd,mrjloyd
208,Jemerrio Jones,JemerrioJ
209,Nemanja Dangubić,DangubicNemanja
210,Xavier Gibson,zaygibson
211,Jordan Barnett,JBounce33
212,Jamarr Sanders,2_E_A_Z_Y
213,Thomas Walkup,twalkup23
214,Rob Gray,iRob_G
215,Omri Casspi,Casspi18
216,Nicolás Laprovíttola,nicolapro7
217,Zion Williamson,Zionwilliamson
218,Gracin Bakumanya,gbakumanya
219,Zach Lofton,ZachLofton
220,Ja Morant,JaMorant
221,Kamar Baldwin,kamar3baldwin
222,JaKarr Sampson,KarrSampson14
223,Derek Cooke,DCookeJr
224,RJ Barrett,RjBarrett6
225,Desmond Bane,DBane0625
226,Ronald Roberts,RonaldRoberts5
227,Malcolm Delaney,foe23
228,Josh Magette,joshmagette
229,Marcus Lee,JustMarcusLee
230,De'Andre Hunter,DreHunter
231,Patrick Richard,prichard_3
232,Darius Garland,dariusgarland22
233,Jack Cooley,JackCooligan45
234,Vernon Goodridge,VeEG00D
235,Vashil Fernandez,vashilluv_bball
236,Eric Moreland,EricMoreland15
237,Coby White,CobyWhite
238,Victor Claver,Victor_Claver
239,Darius Johnson-Odom,KingMe_DJ1
240,Mamadou N'Diaye,mamadoundiaye14
241,Elijah Stewart,Lou_weezy_ana
242,Kyle Kuric,KingKK_14
243,Le'Bryan Nash,LBgetbuckets02
244,DeVaughn Akoon-Purcell,dap44_
245,Tony Taylor,2cooltone
246,Doral Moore,2talldemondeac
247,Cam Reddish,camreddish
248,DeQuan Jones,DequanMJones
249,Eric Griffin,EGRIFFDASTORY
250,Romero Osby,ROEOSBY24
251,David Nwaba,dnwaba0
252,Trey Lewis,Treylew3
253,Jared Berggren,jberggren40
254,Donte Grantham,DonteGrantham32
255,P.J. Washington,PJWashington
256,Damjan Rudež,Damjan_Rudez
257,Keith Clanton,Im_Keithclanton
258,Markelle Fultz,MarkelleF
259,Brandon Goodwin,goodysav
260,Tyler Herro,raf_tyler
261,CJ Elleby,EllebyCj
262,Lonzo Ball,ZO2_
263,Gabe York,gabeyork32
264,Romeo Langford,yeahyeah22
265,Sherron Collins,SHERRONCOLLINS4
266,A.J. Slaughter,ajslaughter8
267,Jayson Tatum,jaytatum0
268,JaMychal Green,Jmyke1
269,Rodney Williams,YeahRod24
270,Josh Jackson,j_josh11
271,Jeff Roberson,j5robe
272,Nickeil Alexander-Walker,NickeilAW
273,Josh Davis,JoshDavis_22
274,Khalif Wyatt,KhalifW05
275,De'Aaron Fox,swipathefox
276,Nick King,CrownMeKing5_
277,Trent Forrest,TForrest_11
278,Patric Young,PatricYoung4
279,Trevor Mbakwe,TMbakwe32
280,Jonathan Isaac,JJudahIsaac
281,Justin Bibbs,JustinBibbs10
282,Luka Šamanić,SamanicLuka
283,Daequan Cook,DC4Three
284,Bojan Bogdanović,44Bojan
285,Jayson Granger,jaygranger11
286,Lauri Markkanen,MarkkanenLauri
287,Desi Rodriguez,desirodriguez6
288,Matisse Thybulle,MatisseThybulle
289,Tim Abromaitis,timabro21
290,Frank Ntilikina,FrankLikina
291,Chris Chiozza,Chiozza11
292,Brandon Clarke,brandonclarke23
293,Kris Joseph,RealKrisJo
294,James Ennis III,JamesDa_Truth
295,Omar Reed,DaJuice55
296,Dennis Smith Jr.,Dennis1SmithJr
297,Tiwian Kendley,princeofharlem8
298,Grant Williams,Grant2Will
299,Travis Peterson,TPeterson42
300,Zach Collins,zcollins_33
301,Scoochie Smith,scoochstackin
302,Markus Howard,markushoward11
303,David Stockton,dstockton32
304,Korie Lucious,KorieLucious
305,Malik Monk,AhmadMonk
306,Deng Adel,Foreverdeng
307,Nassir Little,2ez_nassie
308,Jarell Eddie,JarellEddie
309,Luke Kennard,LukeKennard5
310,Bonzie Colson,Bacolson35
311,Isaiah Joe,zai_joe1
312,Joe Crawford,JoeCrawford5
313,E.J. Singler,EJSingler
314,Donovan Mitchell,spidadmitchell
315,Robert Johnson,RoJoJr
316,Mfiondu Kabengele,Mfiondu
317,Casey Prather,cprather24
318,Jamelle Hagins,JamelleHagins
319,Bam Adebayo,Bam1of1
320,Kaiser Gates,Kaisergates
321,Jamil Wilson,jamilwilson_22
322,Myck Kabongo,MyckK9
323,Justin Jackson,JJacks_44
324,Ike Nwamu,ike_nwamu
325,Keldon Johnson,imthe_truth32
326,Andre Dawkins,dre_dawkins
327,Michael Dunigan,DarknessRises17
328,Justin Patton,JustinPatton17
329,Tyrius Walker,iam_twalk
330,Shawn Jones,Slim_J12
331,D.J. Wilson,Lanky_Smoove
332,Drew Eubanks,DrewEubanks12
333,Nic Claxton,_claxton33
334,Jackie Carmichael,Jackie_C32
335,T.J. Leaf,leafsquad22
336,Scottie Lindsey,ScottieLindsey
337,KZ Okpala,kz_okpala_
338,Khem Birch,Khem_Birch
339,John Collins,jcollins20_
340,Jonathan Stark,jonathanstark02
341,Carsen Edwards,Cboogie_3
342,Langston Galloway,LangGalloway10
343,Amath M'Baye,Amath22Juice
344,Harry Giles,HGiiizzle
345,Ismaila Kane,ladsame1997
346,Travis Wear,traviswear
347,Rašid Mahalbašić,RasidMahalbasic
348,Terrance Ferguson,Fergskii
349,Cameron Reynolds,CamoCinco
350,Abdoulaye N'Doye,Ndoye_11
351,Aaron Craft,ACraft4
352,Rodney Green,rodneygreen10
353,Jarrett Allen,_bigjayy_
354,Nuni Omot,nuniomot21
355,Cody Martin,cody_martin15
356,Mitchell Watt,mitchell_watt
357,Tyler Lydon,Tyler_Lydon14
358,Daniel Gafford,Dan_G33
359,Jordan Henriquez,TooTall2KnoSo1
360,Anžejs Pasečņiks,AnzejsP
361,Devin Davis,DevDavis15
362,Alex Oriakhi,aoriakhi42
363,C.J. Leslie,ncsu_cleslie
364,Caleb Swanigan,calebswanigan50
365,Phillip Carr,PhilippeChow_
366,Eric Paschall,epaschall
367,Eloy Vargas,EVargas30
368,Kyle Kuzma,kylekuzma
369,Taren Sullivan,sullyballer1423
370,Admiral Schofield,admiralelite15
371,Payton Pritchard,paytonpritch3
372,Liam McMorrow,TheLiamMcMorrow
373,Tony Bradley,ToBrad1
374,Gabe Vincent,iamgabevincent2
375,Jaylen Nowell,JaylenNowell
376,Pierre Jackson,PAPPYGAWD
377,Derrick White,Dwhite921
378,Billy Garrett,BGarrett_5
379,Isaiah Roby,roby_isaiah
380,Immanuel Quickley,IQ_GodSon
381,Dennis Schröder,DennisMike93
382,Max Kouguere,MaxOnTwitter
383,Josh Hart,joshhart
384,Paul Watson,_PWJiii
385,Talen Horton-Tucker,Thortontucker
386,Zeke Marshall,Ziggy_Marsh
387,Frank Jackson,FWJackson15
388,Jeff Coby,JC40A3
389,Ignas Brazdeikis,_iggy_braz
390,Tyler Johnson,Pusha650
391,Davon Reed,ClutchREED_5
392,Isaac Humphries,IsaacHumphries7
393,Terance Mann,terance_mann
394,Wes Iwundu,_Iwundu25
395,Donte Ingram,kingram_0
396,Quinndary Weatherspoon,IAM_QUINN11
397,Lamar Stevens,LamarStevens11
398,Brock Motum,brockm12
399,Scott Wood,ScottWood15
400,Frank Mason III,FrankMason0
401,C.J. Anderson,cjanderson_23
402,Jarrell Brantley,jstuntbrantley
403,Thabo Sefolosha,ThaboSefolosha
404,Tarik Black,TarikBlack25
405,Kenny Kadji,KadjiKenneth
406,Ivan Rabb,YoungIvee
407,Tremont Waters,WatersTremont
408,Brady Heslip,bradyheslip
409,Jonah Bolden,Jonahbolden43
410,Jalen McDaniels,jalenmcdaniels5
411,Deonte Burton,DeonteBurton
412,Semi Ojeleye,semi
413,DJ Hogg,Dj_hogg1
414,Justin Wright-Foreman,JayWright_3
415,Tim Frazier,Timfraz23
416,D.J. Seeley,vitaminDseeley
417,John Petrucelli,John_Petrucelli
418,Marial Shayok,MarialShayok
419,Rodney McGruder,RodneyMcGruder
420,Jawun Evans,j3vans1_
421,Ángel Rodríguez,angel13pr
422,Kyle Guy,kylejguy
423,Christian Watford,Cwat205
424,Raphiael Putney,RRPUTNEY3
425,Jaylen Hands,JHANDS08
426,Abdul Gaddy,Gaddy253_
427,Tyler Dorsey,TDORSEY_1
428,Jordan Bone,JordanBone23
429,Kevin Séraphin,french_savage
430,Kalin Lucas,Kjay24k
431,Durand Scott,durand_scott
432,Thomas Bryant,nolimittb31
433,William Lee,Haha34lee1
434,Miye Oni,PrinceOni13
435,Joe Ingles,Joeingles7
436,Isaiah Hartenstein,Ipjh55
437,Canyon Barry,cbarry719
438,Dewan Hernandez,DewanGoesFor_20
439,Justinian Jessup,justinian_10
440,Akil Mitchell,ajmitchell25
441,Anthony Marshall,ANT_MARZ3
442,Demetrius Denzel-Dyson,DenzelDyson22
443,Nicolò Melli,NikMelli
444,Brandon Triche,BrandonTriche
445,Dillon Brooks,dillonbrooks24
446,Roscoe Smith,scoesh0w
447,Sterling Brown,thatnegus_sb
448,Naz Reid,NazReid
449,Jerel McNeal,jerel_mcneal
450,Ike Anigbogu,IkePostrs_
451,Tornike Shengelia,TokoShengelia23
452,Zach Andrews,21zachandrews
453,Sindarius Thornwell,Sin_City_803
454,Sean Kilpatrick,SeanKilpatrick
455,Vlatko Čančar,CancarVlatko
456,Zabian Dowdell,zayrd1
457,Álex Abrines,alexabrines
458,Mathias Lessort,ThiasLsf
459,Dean Wade,deanwade3232
460,Lance Goulbourne,Lg5live
461,Monte Morris,BigGameTae
462,Jared Harper,Therealvinoo
463,Anthony Edwards,theantedwards_
464,Goran Dragić,Goran_Dragic
465,Raul Neto,RaulTogni
466,Edmond Sumner,EdmondSumner
467,Jaylen Hoard,JaylenHoard
468,Kadeem Allen,AllenKadeem
469,John Konchar,konchjitty55
470,Jae'Sean Tate,o_tate_
471,Arsalan Kazemi,kazemiworld
472,O.D. Anosike,Anosike_1
473,Alec Peters,petersalec
474,Kris Wilkes,kadw31
475,Joffrey Lauvergne,1JOLOLO
476,Jabari Bird,Jabari_Bird
477,Xavier Silas,XavierSilas
478,Deshaun Thomas,Deshaunthomas_0
479,Laurence Bowers,LBowers_21
480,Luguentz Dort,luthebeast
481,Garret Siler,Big_G_21
482,Gerald Robinson,GRJR22
483,Jaron Blossomgame,JaronBgame
484,Jānis Timma,janis_timma
485,Robert Franks,RoBo_22
486,Sean Singletary,SeanSingletary
487,Tomáš Satoranský,satoransky
488,Travis Releford,T_2releFOUR
489,OG Anunoby,OAnunoby
490,Zach Norvell,ZachN_23
491,Luke Kornet,bigshin32
492,Zylan Cheatham,1KingZ4
493,Furkan Aldemir,furkanaldemir19
494,Scott Suggs,scottro15
495,Kobi Simmons,JordanKobi
496,Josh Reaves,jreaves23
497,Devin Ebanks,DevinEbanks3
498,Tomislav Zubčić,TomislavZubcic7
499,Clint Chapman,ChapFTW
500,Michael Young,Showwtimee2
501,Tyler Cook,iamtc25
502,İlkan Karaman,ilknkrmn
503,Jordan Taylor,JMTaylor11
504,Jeremy Morgan,jmodashow20
505,Kelan Martin,kelan30_
506,Marcus Denmon,MizzouMonster12
507,Devin Booker,DevinBooker31
508,Miloš Teodosić,MilosTeodosic4
509,Aric Holman,AricHolman
510,Dāvis Bertāns,DBertans_42
511,Andrew Lawrence,Adrlawrence
512,Cameron Oliver,SpaceCamm
513,Caleb Martin,Calebmartin14
514,Maurice Sutton,LordSuttonJr
515,Jalen Moore,JalenMoore14
516,Chris Clemons,idropcoldbucks
517,Junior Cadougan,JRwontLOSE
518,Alfonzo McKinnie,_Alvo_
519,Jerry Smith,JSmith_8
520,Mike Bruesewitz,mbruesewitz31
521,JeQuan Lewis,thatlewiskid1
522,Dakota Mathias,DMathias31
523,Bronson Koenig,BronsonK_24
524,DaQuan Jeffries,daquanjeffries2
525,Travis Leslie,FlightLeslie23
526,Nolan Smith,NdotSmitty
527,Dexter Strickland,BadenJaxen_
528,Maxi Kleber,MaxiKleber
529,Dedric Lawson,DSmoove1_2many
530,Scoop Jardine,scoopjardine
531,Devin Robinson,drob7nson
532,Devontae Cacok,Vontae__15
533,Nemanja Bjelica,NemanjaBjelica
534,Antonio Blakeney,blakeney96
535,Chris Boucher,chrisboucher
536,Hassani Gravett,BestThingSince_
537,Latavious Williams,taybowl_
538,Ricky Harris,RickyHarris5
539,Royce O'Neale,BucketsONeale00
540,Keydren Clark,KeydrenClark
541,Torrey Craig,TCraig_23
542,Patrick Ewing,pewingjr6
543,Brandon Paul,BP3
544,Kennedy Meeks,Asapmeeks03
545,Jakeenan Gant,JakeenanG23
546,Christian Eyenga,christeyenga31
547,Sergio Llull,23Llull
548,Thomas Abercrombie,tomabo10
549,Matt Williams,1mattwill2
550,Festus Ezeli,festus
551,Jake Cohen,jacohen15
552,Javonte Green,2Xtremebounce
553,Shaun Livingston,ShaunLivingston
554,Daniel Theis,dtheis10
555,Jeremiah Martin,4k_Jeremiah
556,Trent Lockett,T_Lockett24
557,Landry Nnoko,landry_nnoko
558,Josh Perkins,JoshPerk13
559,C.J. Aiken,cjaiken01
560,Will Clyburn,Da_Thrill21
561,Gian Clavell,clavelito04
562,Justin Robinson,5Alive_
563,Olu Ashaolu,O_Ash
564,Kyle Randall,KRandy_12
565,Mangok Mathiang,M_Mango32
566,Kavell Bigby-Williams,Kavell6ft11
567,Kyle Barone,KB33_
568,Alade Aminu,Aminu_34
569,Charles Cooke,c4_cooke
570,Kyle Alexander,KyleJamal4
571,Darius Bazley,BazleyDarius
572,T.J. Williams,GogettaTJWill
573,Luke Maye,luke_maye
574,Jonathan Bender,jonathanbender9
575,Vince Hunter,2easy32
576,Isaiah Hicks,IDHicks
577,Oshae Brissett,Obrissy
578,Marcelo Huertas,Huertas09
579,Milton Doyle,MDLU35
580,Phil Booth,Philb_5
581,Tyson Chandler,tysonchandler
582,Scott Machado,_ScottMachado
583,Jeremy Senglin,Jsenglin_30
584,Shamorie Ponds,ShamorieP
585,Glen Dandridge,GD25
586,Vernon Macklin,vernon_macklin
587,Georgios Printezis,pripripri15
588,PJ Dozier,Dozier_Kid
589,Stanton Kidd,StantonKidd11
590,Stephen Dennis,SDennis14
591,Nick Wiggins,Wiggys__WORLD
592,V.J. Beachem,VJBeachem
593,Tacko Fall,tackofall99
594,Amar'e Stoudemire,Amareisreal
595,Jon Horford,Jon_Horford
596,Jacob Wiley,Jwiley_24
597,Nnanna Egwu,egwu_32
598,Ben Moore,JaminTheFiend
599,Vic Law,Followthe_LAW
600,C.J. Harris,cjharris11
601,Jordan Sibert,Smooth_Jordan
602,Antonius Cleveland,ac_uno1
603,William Howard,whow25
604,Nenê,NeneHilario42
605,Ian Mahinmi,ianmahinmi
606,Andrew White,AndrewWhite03
607,Nigel Hayes,NIGEL_HAYES
608,Todd Withers,DatDude_Todd
609,Stephen Jackson,DaTrillStak5
610,Jamel Artis,melartis1
611,Daulton Hommes,dchommes
612,Michael Holyfield,holybigfella
613,Troy Caupain,caupain10
614,Alex Robinson,arob25_
615,Thon Maker,ThonMaker14
616,Cenk Akyol,cenkakyol
617,Xavier Rathan-Mayes,xrm_22
618,Jalen Lecque,jalenlecque10
619,Vanja Marinković,vanjam32
620,Dan Nwaelele,DanielNwaelele
621,London Perrantes,London_Tyus
622,Vincent Poirier,viinze_17P
623,L.J. Peak,ljpeak1
624,Devin Sweetney,DSweetney1
625,Earl Monroe,EarlThePearl_15
626,Evan Fournier,EvanFourmizz
627,Tyler Cavanaugh,tycav34
628,Juwan Morgan,juwanmorgan
629,Emmanuel Mudiay,emmanuelmudiay
630,Matt Jones,matt9jones
631,Kenny Wooten,kennywootenjr
632,Chamberlain Oguchi,ChampOguchi
633,Edgar Sosa,Edgarsosa10
634,Trey McKinney-Jones,TreyMJ04
635,Terence Davis,TerenceDavisJr
636,Jermaine O'Neal,jermaineoneal
637,Naz Mitrou-Long,NazzyJML
638,Rayjon Tucker,th3flighttuck
639,Alexandre Paranhos,paranhos_24
640,Jermaine Taylor,jtaylor8ball
641,Corey Webster,cwebster9
642,Isaiah Briscoe,ZayBriscoe
643,Will Cummings,willcummings_
644,Peter Jok,Jok_City14
645,Lamar Peters,headshotpeters_
646,Matt Pressey,M_Pressive3
647,Denzel Livingston,denzel_trey10
648,Armoni Brooks,snipabrooks_
649,Mitchell Robinson,23savage____
650,Justin Simon,simon_Says_so
651,Dennis Rodman,dennisrodman
652,Elijah Millsap,Elijah_Millsap
653,Chris Walker,kingsky23
654,Marques Bolden,MarquesB__
655,Issuf Sanon,SanonIssuf
656,Jordan Bachynski,BLOCKchynski
657,Terry Henderson,t_henny3
658,Matt Mooney,MoonSwag13
659,Jaylen Johnson,JayGlooo10
660,Mychal Mulder,MychalMulder
661,Angelo Sharpless,Lo_Tatted
662,JaJuan Johnson,JaJuanJohnson
663,Mychel Thompson,MychelThompson
664,Drew Crawford,TheRealDrewski1
665,Tre Kelley,TreKel1ey
666,Michael Snaer,MichaelSnaer21
667,Richard Solomon,richxsolo3
668,Greg Whittington,Built4Bucketz
669,Jordan Mathews,JordanMathews22
670,Chace Stanback,ChaceStanback
671,C.J. Fair,cjfair
672,Luke Petrasek,Luke_Petrasek
673,Lindell Wigginton,Lwigginton5
674,Juwan Staten,JuwanStaten3
675,Quinn Cook,QCook323
676,Amida Brimah,amidabrimah
677,Moses Brown,MosesBrown_
678,Chris Crawford,clutchcrawford3
679,Bryce Alford,balford20
680,Juan Toscano-Anderson,juanonjuan10
681,Mirza Teletović,Teletovic33
682,Travis Trice,Ttrice20
683,Rashawn Thomas,Sobeastly_25
684,Jordan Murphy,jordanmurphy24
685,Hedo Türkoğlu,hidoturkoglu15
686,Youssou Ndoye,yndoye35
687,JaCorey Williams,_JWilliams22
688,Perrion Callandret,Perriontf
689,Karl-Anthony Towns,KarlTowns
690,Keifer Sykes,ksykesyb
691,Taylor Braun,taylorbraun2324
692,Bryce Brown,Bwb_2
693,Charlie Westbrook,C_Westbrook1
694,D'Angelo Russell,Dloading
695,Michael Qualls,Mr_WALKONAIR
696,John Bohannon,johnbohannon21
697,Ding Yanyuhang,OfficialDing8
698,Jahlil Okafor,JahlilOkafor
699,Dez Wells,_DezWells
700,B.J. Young,bjyoung_money11
701,Kristaps Porziņģis,kporzee
702,Sam Thompson,SlamIAm12
703,LaDontae Henton,HentonBuckets23
704,Rade Zagorac,zagorac_rade
705,Alexis Ajinça,AjincaAlexis42
706,Mario Hezonja,mariohezonja
707,Jason Washburn,jaywash42
708,Rodney Purvis,Gpurvooo
709,Javon Bess,Jb_Bizzle
710,Willie Cauley-Stein,THEwillieCS15
711,Mirza Begić,BegicMirzaBM
712,Torian Graham,Torian_Graham
713,Keljin Blevins,KBlevs02
714,Stanley Johnson,iAmSJ
715,Briante Weber,Sir_deuce2
716,Daniel Dixon,Mr_HeatCheck
717,Norense Odiase,kingno_
718,J.R. Giddens,JGidd4
719,Frank Kaminsky,FSKPart3
720,Chris Udofia,dofboyfresh34
721,Kamari Murphy,21__louie
722,Yudai Baba,yudai_baba
723,Justise Winslow,IAmJustise
724,Julian Washburn,smoothlikeju
725,Tahjere McCall,215tahj
726,Simisola Shittu,LanX_Sims
727,C.J. Miles,masfresco
728,Myles Turner,Original_Turner
729,Mike Cobbins,The1_MikeCobbs
730,Yannis Morin,YannisMorin
731,Trey Lyles,TreyLyles
732,Eric Atkins,EAtkins0
733,Isaac Hamilton,Isaacham_10
734,Morris Almond,FreeMoAlmond
735,Alando Tucker,DoeTuck
736,Devin Booker,DevinBook
737,Davion Berry,DavionBerry
738,Cameron Payne,campayne
739,Alan Williams,alantwilliams
740,Kelly Oubre Jr.,KELLYOUBREJR
741,Xavier Munford,xaviermunford
742,Derek Willis,derekxwillis
743,Rudy Gobert,rudygobert27
744,Terry Rozier,T_Rozzay3
745,Courtney Fells,Papi_Fells
746,Trevor Thompson,TrevBallinTrey2
747,Rashad Vaughn,ShowtimeMr1
748,Ben Simmons,BenSimmons25
749,Tidjan Keita,KTidjan
750,Jeremy Tyler,jeremytyler3
751,Sam Dekker,dekker
752,Brandon Ingram,B_Ingram13
753,Kendall Pollard,__KP
754,Marcin Gortat,MGortat
755,Jerian Grant,JerianGrant
756,Dragan Bender,DBender03
757,Ike Iroegbu,Be_LikeIKE
758,Giannis Antetokounmpo,Giannis_An34
759,Delon Wright,delonwright
760,Kris Dunn,KrisDunn3
761,Marc Loving,lovingthegame32
762,Beno Udrih,BenoUdrih1
763,Justin Anderson,JusAnderson1
764,Buddy Hield,buddyhield
765,Yakuba Ouattara,yakubaouattara
766,Bobby Portis,BPortistime
767,Jamal Murray,BeMore27
768,Myke Henry,mykehenry20
769,Rondae Hollis-Jefferson,IAmCHAP24
770,Marquese Chriss,quese
771,Josh Gray,ThatsJoshGray
772,Tyus Jones,1Tyus
773,Jakob Poeltl,JakobPoeltl
774,Walt Lemon Jr.,WaltLemon
775,Jarell Martin,MartinJarell
776,Domantas Sabonis,Dsabonis11
777,Jaylen Morris,jay_morris30
778,Donatas Motiejūnas,DonatasMot
779,Nikola Milutinov,NMilutinov
780,Taurean Prince,taureanprince
781,Ömer Aşık,AsikOmer
782,Larry Nance Jr.,Larrydn22
783,Georgios Papagiannis,G_P_06
784,Donté Greene,dontegreeneCOS
785,Denzel Valentine,denzelvalentine
786,Deandre Ayton,DeandreAyton
787,Chris McCullough,briskuno
788,Juancho Hernangómez,juanchiviris41
789,Marvin Bagley III,MB3FIVE
790,Anderson Varejão,VAREJAOANDERSON
791,Kevon Looney,Loon_Rebel5
792,Guerschon Yabusele,DTP_Mario
793,Luka Dončić,luka7doncic
794,Cedi Osman,cediosman
795,Wade Baldwin,The_Fourth_Wade
796,Jaren Jackson Jr.,jarenjacksonjr
797,Taylor Griffin,tgriff32
798,Montrezl Harrell,MONSTATREZZ
799,Henry Ellenson,HenryEllenson13
800,Trae Young,TheTraeYoung
801,Gustavo Ayón,Gustavo_Ayon15
802,Kevin Murphy,KMurph_55
803,Jordan Mickey,Jmickey_02
804,Malik Beasley,Mb5Malik
805,Mo Bamba,TheRealMoBamba
806,Jan Veselý,JanVesely24
807,Anthony Brown,TwoShotOne
808,Caris LeVert,CarisLeVert
809,Wendell Carter Jr.,wendellcarter34
810,Willy Hernangómez,willyhg94
811,DeAndre' Bembry,fearthefro95
812,Collin Sexton,CollinSexton02
813,Hamed Haddadi,HamedHaddadi15
814,Rakeem Christmas,R_Xmas25
815,Malachi Richardson,KingMali23
816,Kevin Knox,KevKnox
817,Boštjan Nachbar,BokiNachbar
818,Richaun Holmes,Rich_Holmes22
819,Ante Žižić,Ante__Zizic
820,Mikal Bridges,mikal_bridges
821,Darrun Hilliard,DHilliard6X
822,Timothé Luwawu-Cabarrot,timcabs
823,Shai Gilgeous-Alexander,shaiglalex
824,Edy Tavares,waltertavares22
825,Andrea Bargnani,AndreaBargnani
826,Sasha Vujačić,SashaVujacic
827,Josh Richardson,J_Rich1
828,Brice Johnson,bjohnson_23
829,Miles Bridges,MilesBridges
830,Furkan Korkmaz,FurkanKorkmaz
831,Jerome Robinson,Rome_Coldbucks1
832,Joe Young,JoeyBuckets3
833,Pascal Siakam,pskills43
834,Michael Porter Jr.,MPJr
835,Andrew Harrison,DrewRoc5
836,Skal Labissière,OneBigHaitian
837,Troy Brown Jr.,Troy_Brown33
838,Marcus Thornton,M3Thornton
839,Dejounte Murray,DejounteMurray
840,Zhaire Smith,zhaire_smith
841,Garrison Mathews,gmathews_24
842,Norman Powell,npowell2404
843,Damian Jones,dameology
844,Donte DiVincenzo,Divincenzo
845,Artūras Gudaitis,GudaitisAG
846,Deyonta Davis,DeyontaDavis_04
847,Lonnie Walker IV,lonniewalker_4
848,Amir Coffey,coffeyshop_
849,Dakari Johnson,DakariJohnson
850,Ivica Zubac,ivicazubac
851,Kevin Huerter,KevinHuerter
852,Chris Silva,SilvaObame
853,Nicolas Batum,nicolas88batum
854,Ben Hansbrough,bhans23
855,Aaron White,Aaron_White30
856,Cheick Diallo,cheick_diallo13
857,Josh Okogie,CallMe_NonStop
858,David Kramer,K7davidK
859,Tyler Ulis,tulis3
860,Grayson Allen,GraysonJAllen
861,Chuma Okeke,chuma_okeke
862,Tyler Harvey,YoungTRaaw
863,Malcolm Brogdon,MalcolmBrogdon7
864,Ky Bowman,KyranBowman
865,Satnam Singh,hellosatnam
866,Chinanu Onuaku,chinanu_onuaku
867,Aaron Holiday,The_4th_Holiday
868,Bol Bol,BolBol
869,Justin Harper,Tru_Harp32
870,Sir'Dominic Pointer,Sirdom1
871,Patrick McCaw,PMcCaw0
872,Anfernee Simons,AnferneeSimons
873,Justin James,1JustinJames
874,Dani Díez,danidiez11
875,Moritz Wagner,moritz_weasley
876,Ahmed Hill,MED_XIII
877,Kyle Weaver,kyleweaver5
878,Cady Lalanne,Lac25_
879,Diamond Stone,Diamond_Stone33
880,Landry Shamet,landryshamet
881,Sagaba Konate,sagaba50
882,Nerlens Noel,NerlensNoel3
883,Stephen Zimmerman,BIGG_ZIMM
884,Robert Williams,rob_williamsIII
885,Nigel Williams-Goss,NigelWG5
886,Lucas Nogueira,Bebe92
887,Martell Webster,MartellWebster
888,Nikola Radičević,nikoradicevic
889,Isaiah Whitehead,isaiahwhitehead
890,Jacob Evans,JacobEvans_1
891,J.P. Tokoto,AirPierreTokoto
892,Zhou Qi,officialzhouqi
893,Džanan Musa,DzMusa
894,Terrel Harris,T_Harris87
895,Sonny Weems,Sonny13
896,Isaïa Cordinier,izaycordinier
897,Omari Spellman,Omarispellman
898,Marco Belinelli,marcobelinelli
899,Luka Mitrović,mitar_mitar9
900,Demetrius Jackson,D_Jay11
901,Elie Okobo,ElieOkobo_0
902,Ryan Boatright,Ryanboatright11
903,Jevon Carter,nextlevel_03
904,Jake Layman,JLayman10
905,Jalen Brunson,jalenbrunson1
906,Paul Zipser,paulzzip
907,Devonte' Graham,Devonte4Graham
908,Keith Benson,RealKITO
909,Michael Gbinije,mikegbinije
910,Georges Niang,GeorgesNiang20
911,Gary Trent Jr.,gtrentjr
912,Ben Bentil,benbentil
913,Khyri Thomas,Khyri_2
914,Charles Oakley,CharlesOakley34
915,D.J. White,dj_white3
916,Maurice Ndour,Mauricendure
917,Joel Bolomboy,Bolomboy21
918,Isaac Bonga,isaacbonga
919,Petr Cornelie,Petr_Cornelie
920,Michael Foster,
921,Allonzo Trier,ISO_ZO
922,Serge Ibaka,sergeibaka
923,Deonte Burton,DeeBurton30
924,Bobby Brown,BBROWNLAU
925,Yante Maten,YoungMoney__11
926,Elgin Cook,Ecook23_
927,Joe Chealey,jace_emmanuel_
928,Théo Maledon,
929,Jeffrey Carroll,JeffCarrollJr
930,Tre Jones,Tre3Jones
931,Vernon Carey Jr.,vernoncarey22
932,Daniel Oturu,oturu65
933,Shaquille Harrison,ShaqHarrison_3
934,Gary Payton II,Garydwayne
935,Nico Mannion,niccolomannion
936,Cassius Stanley,cassius_stanley
937,Jahmi'us Ramsey,newanimprovedJR
938,Ty-Shon Alexander,5Tyshon
939,Leandro Bolmaro,BolmaroLeandro
940,Jarrett Culver,jarrettc08
941,Mamadi Diakite,_mdiakite
942,Lamine Diane,laminediane35
943,Chris Obekpa,Ewa_oche
944,Kristian Doolittle,kristiandoolit1
945,Devon Dotson,d_dotson1
946,Paul Eboua,paul_eboua
947,Shane Lawal,2typesofkiller
948,Malik Fitts,MalikFitts
949,B.J. Johnson,Bean_J20
950,Sekou Doumbouya,sekou_doums
951,Jordan Ford,jordan_ford_
952,Josh Green,JoshBGreen
953,Ashton Hagans,H23Ash
954,Jalen Harris,TheJalenHarris
955,Nate Hinton,thatup_coming14
956,Ty Jerome,tyjerome_
957,Elijah Hughes,elijahhughes4_
958,James Banks,
959,Mason Jones,masonjones2
960,Nathan Knight,nateknght
961,Anthony Lamb,AnthonyMLamb
962,Kevin Porter Jr.,Kevinporterjr
963,Saben Lee,SabenLee
964,Naji Marshall,MarshallNaji
965,Vincent Council,DAy1_VC
966,Skylar Mays,skylarmays4
967,Bruno Fernando,BrunoFernandoMV
968,Sam Merrill,smerrill05
969,Didi Louzada,Didi
970,Jordan Nwora,JordanNwora
971,Brandon Austin,The_Official_BA
972,Reggie Perry,_R1bang_
973,Aleksej Pokusevski,aleksejpokusevs
974,Myles Powell,YDWILU
975,Trevelin Queen,trev_up
976,Paul Reed,Bball_paul
977,Nick Richards,iamnickrichards
978,Grant Riller,grantriller97
979,Dwayne Sutton,DwayneSutton
980,Tyrell Terry,tyterry05
981,Killian Tillie,KillianTillie
982,Chris Goulding,ChrisGoulding43
983,Tres Tinkle,tres_tinkle3
984,Abe Steward,
985,Kaleb Wesson,Elite_Hooper99
986,Kahlil Whitney,KahlilWhitney
987,Renaldo Woolridge,Swiperboy
988,Cassius Winston,cassiuswinston
989,Robert Woodard II,Raw2512
990,Vit Krejci,v_krejci
991,Damyean Dotson,wholeteamDot
992,Freddie Gillespie,freddieg_33
993,Jahlil Tripp,Swaggy__jah
994,Ron Howard,roho19_
995,Adam Mokoka,AdamMokoka_
996,Zavier Simpson,Xaviersimpson3
997,Charlie Brown Jr.,charleskbrownjr
998,Omer Yurtseven,OmerYurtseven5
999,Nate Darling,natedarling14
1000,Jake Toolson,jtoolgoinham
1001,Richard Howell,1richowell
1002,Louis King,LouisKing
1003,Dominic Waters,DomWaters7
1004,Isaiah Miles,freakyzeke_32
1005,Ryan Richards,ryanr1chards
1006,Derrick Walton,DerrickWalton10
1007,Nick Minnerath,NickMinnerath
1008,Tariq Owens,Sneaky_Bounce
1009,Josh Hall,jay5mula
1010,Matt Thomas,Theiceman_21
1011,James Blackmon,JBlackmon2
1012,Dan Steward,
1013,Eric Mika,erc95
1014,Melo Trimble,TrimbleMelo
1015,Amile Jefferson,AmileJefferson
1016,Jay Scrubb,jayscrubb
1017,Talib Zanna,talibzanna42
1018,Amir Hinton,MirHinton_22
1019,Marko Simonovic,simke12
1020,Ben Wallace,FearTheFro
1021,George de Paula,_georgelucas14
1022,Kavion Pippen,kavionp33
1023,Shaq Buchanan,ShaqLeroy
1024,Chad Brown,
1025,Mike James,TheNatural_05
1026,Charley Brown,
1027,Melvin Frazier,melvinjrrr
1028,Alaa Abdelnaby,alaatweets
1029,Kareem Abdul-Jabbar,kaj33
1030,Shareef Abdur-Rahim,ShareefAbdur_R
1031,Quincy Acy,QuincyAcy
1032,Jalen Adams,ja4hunnid
1033,Jordan Adams,jordanadams1231
1034,Steven Adams,RealStevenAdams
1035,Jeff Adrien,Adrien4
1036,Maurice Ager,moeager
1037,Danny Ainge,danielrainge
1038,Santi Aldama,santialdama
1039,Cole Aldrich,colea45
1040,LaMarcus Aldridge,aldridge_12
1041,Lavoy Allen,chefVOYardee
1042,Malik Allen,THEleekAllen30
1043,Ray Allen,greenRAYn20
1044,Tony Allen,aa000G9
1045,Derrick Alston Jr.,deejuusz
1046,Derrick Alston,
1047,Jose Alvarado,AlvaradoJose15
1048,John Amaechi,JohnAmaechi
1049,Al-Farouq Aminu,farouq1
1050,Lou Amundson,LouAmundson17
1051,Alan Anderson,ASqared06
1052,Kenny Anderson,chibbs_1
1053,Kyle Anderson,KyleAnderson5
1054,Alex Antetokounmpo,alex_ante34
1055,Carmelo Anthony,carmeloanthony
1056,Greg Anthony,GregAnthony50
1057,Robert Archibald,RobertArchibald
1058,Gilbert Arenas,agentzeroshow
1059,Trevor Ariza,TrevorAriza
1060,B.J. Armstrong,bjarmstrong
1061,Metta World Peace,MettaWorldPeace
1062,Darrell Arthur,DarrellArthur00
1063,Brandon Ashley,_Bash21
1064,D.J. Augustin,augustinDj14
1065,Joel Ayayi,joel_ayayi
1066,Kelenna Azubuike,KAzubuike7
1067,Udoka Azubuike,udoka35
1068,Luke Babbitt,Realbabbitt08
1069,Renaldo Balkman,R_Balkman32
1070,LiAngelo Ball,LiAngeloBall
1071,Mitch Ballock,Mitchbballin24
1072,James Banks III,1jamesbanks
1073,Dalano Banton,DALANOBANTON
1074,J.J. Barea,jjbareapr
1075,Harrison Barnes,hbarnes
1076,Matt Barnes,Matt_Barnes22
1077,Scottie Barnes,ScottBarnes561
1078,Earl Barron,earldee
1079,Brent Barry,Barryathree
1080,Rick Barry,Rick24Barry
1081,Will Barton,WillTheThrillB5
1082,Brandon Bass,
1083,Paris Bass,
1084,Tim Bassett,
1085,Charles Bassey,CB_ONES23
1086,Shane Battier,ShaneBattier
1087,Troy Baxter Jr.,WitnessTroy
1088,Jerryd Bayless,jerrydbayless
1089,Elgin Baylor,theelginbaylor
1090,Aron Baynes,aronbaynes
1091,Kent Bazemore,24Bazemore
1092,Bradley Beal,RealDealBeal23
1093,Michael Beasley,Michael8easley
1094,Juhann Begarin,BegarinJuhann
1095,Charlie Bell,flintstone14
1096,Jordan Bell,1jordanbell
1097,Troy Bell,TroyBellS2P
1098,Anthony Bennett,AnthonyBennett
1099,Patrick Beverley,patbev21
1100,Tyler Bey,Tbeeyy
1101,Giorgi Bezhanishvili,
1102,Chauncey Billups,1MrBigShot
1103,Goga Bitadze,GogaBiitadze
1104,DeJuan Blair,DeJuan45
1105,Steve Blake,SteveBlake5
1106,Eric Bledsoe,EBled2
1107,Vander Blue,veezy_SQ
1108,Trevon Bluiett,TrevonBluiett
1109,Bennie Boatwright,benniebuckets__
1110,Muggsy Bogues,MuggsyBogues
1111,Andrew Bogut,andrewbogut
1112,Matt Bonner,MattBonner_SAS
1113,Trevor Booker,35_Fitz
1114,Carlos Boozer,MisterCbooz
1115,Chris Bosh,chrisbosh
1116,Brandon Boston Jr.,bboston_
1117,James Bouknight,jam3s210
1118,Jordan Bowden,_TheRealJBow
1119,Brian Bowen,tugs_
1120,Bruce Bowen,Bowen12
1121,Ryan Bowen,rybo40
1122,Avery Bradley,Avery0Bradley
1123,Corey Brewer,TheCoreyBrewer
1124,Ronnie Brewer,RonnieBrewerJr
1125,Aaron Brooks,Thirty2zero
1126,MarShon Brooks,Marshon2
1127,Alec Brown,AlecBrown21
1128,Chaundee Brown Jr.,cbrownballin935
1129,Chucky Brown,
1130,Dee Brown,deebrown11
1131,Greg Brown III,gb3elite
1132,Jabari Brown,Bari_BrownIDF
1133,Jaylen Brown,FCHWPO
1134,Lorenzo Brown,Zo_Brown
1135,Markel Brown,iMarkelBrown22
1136,Jared Brownridge,
1137,Elijah Bryant,Elijah_Bryant3
1138,Kobe Bryant,kobebryant
1139,Mark Bryant,
1140,Chase Budinger,CBudinger
1141,Reggie Bullock,ReggieBullock35
1142,Trey Burke,TreyBurke
1143,Alec Burks,AlecBurks10
1144,Antonio Burks,antonioburks
1145,Jordan Burns,iamjburns_1
1146,Scott Burrell,sburrell24
1147,Caron Butler,realtuffjuice
1148,Jared Butler,J_Hooper11
1149,Jimmy Butler,JimmyButler
1150,Rasual Butler,RasualButler45
1151,Dwight Buycks,BizzleWorld20
1152,Michael Cage,Exhoopsmc
1153,Gerry Calabrese,
1154,Nick Calathes,Nick_Calathes15
1155,José Calderón,JmCalderon
1156,Kentavious Caldwell-Pope,CaldwellPope
1157,Marcus Camby,MarcusCamby23
1158,Facundo Campazzo,facucampazzo
1159,Isaiah Canaan,SiP03
1160,Devin Cannady,devin_cannady3
1161,Brian Cardinal,BrianCardinal
1162,Antoine Carr,AntoineCarr55
1163,Austin Carr,MrCavalier34
1164,DeMarre Carroll,DeMarreCarroll1
1165,Matt Carroll,matt13carroll
1166,Vince Carter,mrvincecarter15
1167,Michael Carter-Williams,mcarterwilliams
1168,D.J. Carton,DJCarton
1169,Ahmad Caver,MAHDTHAGOD
1170,Cedric Ceballos,cedceballos
1171,Mario Chalmers,mchalmers15
1172,Justin Champagnie,JusChampagnie
1173,Wilson Chandler,wilsonchandler
1174,Rex Chapman,RexChapman
1175,Vitalis Chikoko,Vitah23
1176,Josh Childress,JChillin
1177,Yoeli Childs,yochilds22
1178,Doug Christie,TheDougChristie
1179,Dionte Christmas,Dchristmas22
1180,Semaj Christon,SemajChriston
1181,Josh Christopher,Jaygup23
1182,Ian Clark,IanClark
1183,Jordan Clarkson,JordanClarksons
1184,Speedy Claxton,speeddeamon
1185,Mateen Cleaves,Mateen_Cleaves
1186,Derrick Coleman,44TheLegend
1187,Matt Coleman III,
1188,Jarron Collins,jarronctwin
1189,Darren Collison,Darren_Collison
1190,Nick Collison,nickcollison4
1191,Mike Conley,mconley11
1192,Pat Connaughton,pconnaughton
1193,Will Conroy,CHILLCONROY
1194,Keandre Cook,_Drecook
1195,Michael Cooper,ShowtimeCooper
1196,Sharife Cooper,SharifeCooper
1197,DeMarcus Cousins,boogiecousins
1198,Robert Covington,Holla_At_Rob33
1199,Anthony Cowan Jr.,AnthonyCowanJr
1200,Allen Crabbe,allencrabbe
1201,Jamal Crawford,JCrossover
1202,Jordan Crawford,jcraw55
1203,Bobby Croft,
1204,Austin Croshere,AustinCroshere
1205,John Crotty,JohnCrottyHEAT
1206,Jae Crowder,CJC9BOSS
1207,Jalen Crutcher,Jalen_NoRose1
1208,Derek Culver,culver_derek
1209,Jarron Cumberland,Jarron3434
1210,Cade Cunningham,CadeCunningham_
1211,Dante Cunningham,DlamarC33
1212,Jared Cunningham,J1Flight
1213,Eddy Curry,Eddy_Curry
1214,Seth Curry,sdotcurry
1215,Stephen Curry,StephenCurry30
1216,DeAndre Daniels,D_Daniels2
1217,Marquis Daniels,Marquis_Daniels
1218,Troy Daniels,troydaniels
1219,Gigi Datome,GigiDatome
1220,Anthony Davis,AntDavis23
1221,Baron Davis,BaronDavis
1222,Ed Davis,eddavisXVII
1223,Glen Davis,iambigbaby11
1224,Mel Davis,
1225,Red Davis,
1226,Shawn Dawson,ShawnDawson8
1227,Austin Daye,Adaye5
1228,Gabriel Deck,gabriel_deck
1229,Dewayne Dedmon,d_dedmon3
1230,Vinny Del Negro,VinnyDHoops
1231,Javin DeLaurier,javind_12
1232,Carlos Delfino,cabezadelfino
1233,Matthew Dellavedova,matthewdelly
1234,Luol Deng,LuolDeng9
1235,DeMar DeRozan,DeMar_DeRozan
1236,Boris Diaw,theborisdiaw
1237,Gorgui Dieng,GorguiDieng
1238,Spencer Dinwiddie,SDinwiddie_25
1239,DeSagana Diop,sagana7
1240,Vlade Divac,bgoodvlade
1241,Ayo Dosunmu,AyoDos_11
1242,Sonny Dove,
1243,Jeff Dowtin,JeffD_11
1244,Andre Drummond,AndreDrummond
1245,Chris Duarte,C_Duarte5
1246,Dick Duckett,
1247,Jared Dudley,JaredDudley619
1248,David Duke Jr.,daviddukejr
1249,Ronald Dupree,RDupree12
1250,Kevin Durant,KDTrey5
1251,Cleanthony Early,Clearly_BallLyf
1252,Mark Eaton,markeaton7ft4
1253,Jaime Echenique,jaimeechenique
1254,Kessler Edwards,KesslerEdwards
1255,Rob Edwards,robedwardss2
1256,Wayne Ellington,WayneEllington
1257,Sean Elliott,seanelliott_32
1258,Perry Ellis,PElliz
1259,Malik Ellison,
1260,Pervis Ellison,
1261,Joel Embiid,JoelEmbiid
1262,Alex English,AlexEnglish_2
1263,Kim English,Englishscope24
1264,Tyler Ennis,TylerEnnis
1265,Julius Erving,JuliusErving
1266,Jeremy Evans,JeremyEvans40
1267,Reggie Evans,ReggieEvans30
1268,Tyreke Evans,TyrekeEvans
1269,Kenneth Faried,KennethFaried35
1270,Derrick Favors,dfavors14
1271,Carrick Felix,CarrickFelixIMC
1272,Raymond Felton,RFeltonGBMS
1273,Rudy Fernández,rudy5fernandez
1274,Landry Fields,landryfields
1275,L.J. Figueroa,Lj_Figueroa
1276,Michael Finley,MichaelFinley
1277,Danny Finn,
1278,Derek Fisher,derekfisher
1279,Malachi Flynn,malachiflynn
1280,Aleem Ford,aleemford
1281,T.J. Ford,tj_ford
1282,Marcus Foster,Swaggy2_
1283,Rick Fox,RickFox
1284,Randy Foye,randyfoye
1285,Adonal Foyle,afoyle3131
1286,Steve Francis,SteveFranchise3
1287,Walt Frazier,WaltFrazier
1288,Jimmer Fredette,jimmerfredette
1289,Enes Freedom,EnesFreedom
1290,Channing Frye,channingfrye
1291,Dan Gadzuric,DGadzuric
1292,Danilo Gallinari,gallinari8888
1293,Kevin Garnett,KevinGarnett5KG
1294,Diante Garrett,kingarrett10
1295,Marcus Garrett,ImMarcusGarrett
1296,Usman Garuba,Usmangaruba
1297,Luka Garza,LukaG_55
1298,Marc Gasol,MarcGasol
1299,Pau Gasol,paugasol
1300,Rudy Gay,RudyGay
1301,Alonzo Gee,GeeAlonzo
1302,Paul George,Yg_Trece
1303,Daniel Gibson,BooBysWorld1
1304,Taj Gibson,TajGibson
1305,Josh Giddey,joshgiddey
1306,Kendall Gill,kendallg13
1307,Romaro Gill,romarogill1994
1308,Artis Gilmore,ArtisGilmore53
1309,Manu Ginóbili,manuginobili
1310,Ryan Gomes,GotGomes
1311,Drew Gooden,DrewGooden
1312,Jordan Goodwin,JGood_0
1313,Aaron Gordon,Double0AG
1314,Eric Gordon,TheofficialEG10
1315,Danny Granger,dgranger33
1316,Brian Grant,bwgrant
1317,Horace Grant,horacegrant54
1318,Jerami Grant,JeramiGrant
1319,RaiQuan Gray,Tgray4
1320,A.C. Green,NBA_Ironman
1321,Danny Green,DGreen_14
1322,Draymond Green,Money23Green
1323,Jalen Green,JalenGreen
1324,Jeff Green,unclejeffgreen
1325,Blake Griffin,blakegriffin23
1326,Quentin Grimes,qdotgrimes
1327,Isaac Haas,theoriginalhaas
1328,Rui Hachimura,rui_8mura
1329,Donta Hall,_DatBoi05
1330,Tyler Hall,tyler_hall1
1331,Jordan Hamilton,J_Goin_HAM
1332,Justin Hamilton,Justin__41
1333,Richard Hamilton,ripcityhamilton
1334,Rayshaun Hammonds,shaun_coolin
1335,Tyler Hansbrough,THANS50
1336,Travis Hansen,travishansen24
1337,Anfernee Hardaway,Iam1Cent
1338,Tim Hardaway,HardawaySr
1339,Tim Hardaway Jr.,T_HardJR
1340,James Harden,JHarden13
1341,James Hardy,
1342,Maurice Harkless,moe_harkless
1343,Derek Harper,D_Harp_12
1344,Ron Harper,HARPER04_5
1345,Matt Harpring,mharpring15
1346,Josh Harrellson,BigJorts55
1347,Al Harrington,cheddahcheese7
1348,Devin Harris,Dev34Harris
1349,Elias Harris,EliasJMHarris
1350,Gary Harris,thats_G_
1351,Kevon Harris,_kevonn22
1352,Manny Harris,313MannyHarris
1353,Mike Harris,TheRealMH33
1354,Tobias Harris,tobias31
1355,Udonis Haslem,ThisIsUD
1356,Sam Hauser,Big_Smooth10
1357,Spencer Hawes,spencerhawes00
1358,Chuck Hayes,c_hayes44
1359,Jarvis Hayes,
1360,Jaxson Hayes,hayes_jaxson
1361,Gordon Hayward,gordonhayward
1362,Spencer Haywood,SpencerHaywood
1363,Gerald Henderson,GhJr09
1364,Aaron Henry,hennny11
1365,Xavier Henry,XavierHenry
1366,John Henson,Johnhenson31
1367,Chris Herren,c_herren
1368,Roy Hibbert,Roy_Meets_World
1369,George Hill,George_Hill3
1370,Grant Hill,realgranthill33
1371,Malcolm Hill,Malcolmillini21
1372,Solomon Hill,solohill
1373,Julius Hodge,Follow24Hodge
1374,Fred Hoiberg,ISUMayor32
1375,Jrue Holiday,Jrue_Holiday11
1376,Justin Holiday,JustHolla7
1377,Lionel Hollins,LionelHollins14
1378,Ryan Hollins,TheRyanHollins
1379,Tra-Deon Hollins,
1380,Michael Holton,mdhhoops
1381,Caleb Homesley,get_buckets05
1382,Rodney Hood,rodneyhood
1383,Al Horford,Al_Horford
1384,Allan Houston,ALLAN_HOUSTON
1385,Dwight Howard,DwightHoward
1386,Juwan Howard,JuwanHoward
1387,Josh Huestis,jhuestis
1388,Jay Huff,jayhuff_
1389,Robbie Hummel,RobbieHummel
1390,Kris Humphries,KrisHumphries
1391,Feron Hunt,feronhunt11
1392,Bobby Hurley,BobbyHurley11
1393,Matthew Hurt,HurtMatthew
1394,Chandler Hutchison,CmoHutchison
1395,Bones Hyland,BizzyBones11
1396,Andre Iguodala,andre
1397,Kyrie Irving,KyrieIrving
1398,Allen Iverson,alleniverson
1399,Royal Ivey,ROYALTIVEY
1400,Jarrett Jack,Jarrettjack03
1401,Bobby Jackson,TheBobbyJackson
1402,Isaiah Jackson,IJackson22
1403,Jim Jackson,jimjackson419
1404,Mark Jackson,MarkJackson13
1405,Reggie Jackson,Reggie_Jackson
1406,Bernard James,BernardJame5
1407,LeBron James,KingJames
1408,Mike James,mikejames7
1409,DeJon Jarreau,LaDeeky
1410,Justin Jaworski,JustinJaworski3
1411,Cory Jefferson,CoryJay34
1412,Damien Jefferson,DJTrey23
1413,John Jenkins,JohnnyCashVU23
1414,David Johnson,davidjohnson13
1415,Eddie Johnson,Jumpshot8
1416,Jalen Johnson,Jalen_J23
1417,James Johnson,IamJJ16
1418,Joe Johnson,TheJoeJohnson7
1419,Keon Johnson,iamkeonjohnson
1420,Kevin Johnson,KJ_MayorJohnson
1421,Magic Johnson,MagicJohnson
1422,Marques Johnson,olskool888
1423,Nino Johnson,NinoJohnson93
1424,Orlando Johnson,OrlandoVJohnson
1425,Reggie Johnson,Regg_42
1426,Wesley Johnson,WesJohnson4
1427,Nikola Jokić,JokicNikola15
1428,Carlik Jones,carlikjones
1429,Dahntay Jones,dahntay1
1430,Damon Jones,D19J
1431,Herbert Jones,_hoopinglife
1432,Kai Jones,242_jones
1433,Perry Jones,Perry_Jones1
1434,Terrence Jones,TerrenceJones1
1435,Wali Jones,
1436,DeAndre Jordan,DeAndre
1437,Cory Joseph,Cory_Joe
1438,Georgios Kalaitzakis,
1439,Chris Kaman,ChrisKaman
1440,Kylor Kelley,K3LL3Y24
1441,Ryan Kelly,RyanKelly34
1442,Greg Kelser,gkelser32
1443,Tim Kempton,SunsTK
1444,Steve Kerr,SteveKerr
1445,Braxton Key,btwice_11
1446,Jason Kidd,RealJasonKidd
1447,Michael Kidd-Gilchrist,MKG14
1448,Stacey King,Stacey21King
1449,Corey Kispert,corey_kispert
1450,Brandon Knight,Goodknight11
1451,Brevin Knight,brevinknight22
1452,Balša Koprivica,balsa_koprivica
1453,Kyle Korver,KyleKorver
1454,Kosta Koufos,kostakoufos
1455,Jonathan Kuminga,JonathanKuming6
1456,Christian Laettner,laettnerbball
1457,Doron Lamb,DLamb20
1458,Jeremy Lamb,jlamb
1459,Jock Landale,JockLandale
1460,Shane Larkin,ShaneLarkin_3
1461,Zach LaVine,ZachLaVine
1462,A.J. Lawson,ItsAJLawson
1463,Ty Lawson,TyLawson3
1464,Courtney Lee,CourtneyLee5
1465,David Lee,Dlee042
1466,Alex Len,alexlen
1467,Kawhi Leonard,kawhileonard
1468,Meyers Leonard,MeyersLeonard
1469,Jon Leuer,JonLeuer30
1470,Matt Lewis,matyyl_
1471,Scottie Lewis,Scottie23L
1472,DeAndre Liggins,Dreliggs34
1473,Damian Lillard,Dame_Lillard
1474,Jeremy Lin,JLin7
1475,Isaiah Livers,isaiah__02
1476,Brook Lopez,RealBrookLopez
1477,Robin Lopez,rolopez42
1478,Kevin Love,kevinlove
1479,Kyle Lowry,Klow7
1480,John Lucas,JLEnterprises
1481,John Lucas III,Luke1luk
1482,Ronnie MacGilvray,
1483,Shelvin Mack,ShelvinMack
1484,Mark Madsen,madsen_mark
1485,Corey Maggette,Corey_Maggette
1486,Will Magnay,MagnayWill
1487,Denzel Mahoney,denzel_mahoney
1488,Dan Majerle,DanMajerle
1489,Karl Malone,TheDeliverer_32
1490,Sandro Mamukelashvili,Mamukelashvili5
1491,Karim Mané,KarimMane_
1492,Tre Mann,tre2mann3
1493,Danny Manning,coachdmanning
1494,Devyn Marble,DevMarble
1495,Stephon Marbury,StarburyMarbury
1496,Shawn Marion,matrix31
1497,Donyell Marshall,Dmarsh42
1498,Kendall Marshall,KButter5
1499,Cartier Martin,CartierMartin
1500,Kenyon Martin,KenyonMartinSr
1501,Kenyon Martin Jr.,kj__martin
1502,Jamal Mashburn,jamalmashburn
1503,Roger Mason,MoneyMase
1504,Charles Matthews,1CMatthews
1505,Wesley Matthews,WessyWes23
1506,Jason Maxiell,JasonMaxiell
1507,Vernon Maxwell,vernonmaxwell11
1508,Sean May,BigMay42
1509,Eric Maynor,EMaynor3
1510,Luc Mbah a Moute,mbahamoute
1511,James Michael McAdoo,jamesmcadoo
1512,Miles McBride,deucemcb11
1513,Ray McCallum,RayMac3
1514,Mac McClung,McclungMac
1515,CJ McCollum,CJMcCollum
1516,Tim McCormick,TimMcCormick40
1517,K.J. McDaniels,KJMcDaniels
1518,Doug McDermott,dougmcdermott
1519,Hank McDowell,Skinnypalmer
1520,Mitch McGary,mitchmcgary
1521,JaVale McGee,JaValeMcGee
1522,Tracy McGrady,Real_T_Mac
1523,Cameron McGriff,cameron_mcgriff
1524,Jim McIlvaine,JimMcIlvaine
1525,Kevin McKenna,coachkmc3
1526,JaQuori McLaughlin,Jroc__3
1527,Ben McLemore,BenMcLemore
1528,Jack McMahon,
1529,Jordan McRae,JordyMac52
1530,Josh McRoberts,JoshMcRoberts11
1531,Jodie Meeks,Jmeeks20
1532,Khris Middleton,Khris22m
1533,Darius Miller,DmillerKY
1534,Isaiah Miller,isaiahmiller_1
1535,Mike Miller,MikeMiller_13
1536,Quincy Miller,qmillertime
1537,Reggie Miller,ReggieMillerTNT
1538,Patty Mills,Patty_Mills
1539,Terry Mills,terrymills_
1540,Paul Millsap,Paulmillsap4
1541,Yao Ming,YaoMing
1542,Nikola Mirotić,NikolaMirotic33
1543,Davion Mitchell,hoopculture13
1544,Sam Mitchell,SamMitchellNBA
1545,Tony Mitchell,TonyMitchUNENO
1546,Tony Mitchell,tmitch_5
1547,Evan Mobley,evanmobley
1548,Nazr Mohammed,NazrMohammed
1549,Greg Monroe,M10OSE
1550,E.J. Montgomery,EJMontgomery23
1551,Moses Moody,mosesmoody
1552,E'Twaun Moore,ETwaun55
1553,Richie Moore,
1554,Darius Morris,dariusmorris4
1555,Marcus Morris Sr.,MookMorris2
1556,Markieff Morris,Keefmorris
1557,Anthony Morrow,MrAnthonyMorrow
1558,Johnathan Motley,Moneymot5
1559,Arnett Moultrie,amoultrie
1560,Shabazz Muhammad,ShabazzMuhammad
1561,Ade Murkey,0_murk
1562,Trey Murphy III,treymurphy
1563,Troy Murphy,
1564,Tracy Murray,RealTracyMurray
1565,Toure' Murry,toure_murry
1566,Mike Muscala,mikemuscala
1567,Dikembe Mutombo,officialmutombo
1568,Hamady N'Diaye,H55ndiaye
1569,Shabazz Napier,ShabazzNapier
1570,Steve Nash,SteveNash
1571,Jameer Nelson,jameernelson
1572,RJ Nembhard Jr.,RubeNembhard
1573,Ruben Nembhard,
1574,Johnny Newman,jnewNBA
1575,Andrew Nicholson,nicholaf44
1576,Daishen Nix,djfromveg
1577,Norm Nixon,NormNixon
1578,Joakim Noah,JoakimNoah
1579,Andrés Nocioni,SoyElChapu
1580,Steve Novak,stevenovak16
1581,Dirk Nowitzki,swish41
1582,James Nunnally,allornunn21
1583,Patrick O'Bryant,13POB13
1584,Shaquille O'Neal,SHAQ
1585,Kyle O'Quinn,Kyle_OQuinn
1586,Lamar Odom,RealLamarOdom
1587,Emeka Okafor,BigMek50
1588,Onyeka Okongwu,BigO21_
1589,Mehmet Okur,MehmetOkur13
1590,Victor Oladipo,VicOladipo
1591,Hakeem Olajuwon,DR34M
1592,Kelly Olynyk,KellyOlynyk
1593,Eugene Omoruyi,
1594,E.J. Onu,ej35_
1595,Arinze Onuaku,arinze_onuaku
1596,Daniel Orton,danielorton21
1597,Trayvon Palmer,
1598,Kevin Pangos,KPangos
1599,Jannero Pargo,jpargo1
1600,Anthony Parker,_AnthonyParker
1601,Jabari Parker,JabariParker
1602,Tony Parker,tonyparker
1603,Chandler Parsons,ChandlerParsons
1604,Devonte Patterson,DPattersonn
1605,Lamar Patterson,LP21_
1606,Patrick Patterson,pdpatt
1607,Chris Paul,CP3
1608,Adreian Payne,Adreian_Payne
1609,Elfrid Payton,elfrid
1610,Gary Payton,GaryPayton
1611,Elijah Pemberton,ElijahPemberto1
1612,Will Perdue,Will_Perdue32
1613,Jim Petersen,JimPeteHoops
1614,Morris Peterson,mopete24
1615,Filip Petrušev,PetrusevFilip
1616,John Petty Jr.,jpetty2324
1617,Jamorko Pickett,JamorkoP1
1618,Paul Pierce,paulpierce34
1619,Scottie Pippen,ScottiePippen
1620,Mason Plumlee,masonplumlee
1621,Miles Plumlee,milesplumlee13
1622,Olden Polynice,OldenPolynice1
1623,Quincy Pondexter,QuincyPondexter
1624,Yves Pons,Airpons
1625,Jontay Porter,JontayPorter
1626,Otto Porter Jr.,OttoPorter
1627,Vitaly Potapenko,
1628,Micah Potter,BigJam_23
1629,Leon Powe,Leon_Powe
1630,Dwight Powell,DwightPowell33
1631,Josh Powell,JP21Reasons
1632,Phil Pressey,philpressey
1633,Jason Preston,Treballjay11
1634,A.J. Price,realAJPrice
1635,Mark Price,Mark25Price
1636,Joshua Primo,JoshuaPrimo4
1637,Laron Profit,Profit4eva
1638,Neemias Queta,nemi1599
1639,Brandon Rachal,breezy_thegreat
1640,Julius Randle,J30_RANDLE
1641,Anthony Randolph,TheARandolph
1642,Zach Randolph,MacBo50
1643,Theo Ratliff,shotblocker42
1644,Leo Rautins,LeoRautins
1645,J.J. Redick,jj_redick
1646,Nate Renfro,nate_renfro
1647,Glen Rice,glenrice41
1648,Jason Richardson,jrich23
1649,Quentin Richardson,QRich
1650,Mitch Richmond,MitchRichmond23
1651,Austin Rivers,AustinRivers25
1652,Doc Rivers,DocRivers
1653,Andre Roberson,FlyDre21
1654,Clifford Robinson,UncleCliffy30
1655,David Robinson,DavidtheAdmiral
1656,Nate Robinson,nate_robinson
1657,Thomas Robinson,Trobinson0
1658,Glenn Robinson III,GRIII
1659,Jeremiah Robinson-Earl,JCREarl
1660,Sergio Rodríguez,SergioRodriguez
1661,Rajon Rondo,RajonRondo
1662,Derrick Rose,drose
1663,Jalen Rose,jalenrose
1664,Quinton Rose,qrose_3
1665,Quinton Ross,
1666,Terrence Ross,TerrenceRoss
1667,Ricky Rubio,rickyrubio9
1668,Brandon Rush,BRush_25
1669,Kareem Rush,kareemrush
1670,Bill Russell,realbillrussell
1671,Bryon Russell,BRuss3
1672,Matt Ryan,Matt_Ryan04
1673,Robert Sacre,Bobby_Sacre
1674,John Salley,thejohnsalley
1675,Larry Sanders,l8show_thegoat
1676,Dario Šarić,dariosaric
1677,Olivier Sarr,sarr_olivier
1678,Brian Scalabrine,Scalabrine
1679,Billy Schaeffer,
1680,Jordan Schakel,jordanschakel
1681,Detlef Schrempf,Dschrempf
1682,Luis Scola,LScola4
1683,Dennis Scott,dennis3dscott
1684,Mike Scott,mikescott
1685,Tre Scott,trescott13
1686,Ed Searcy,
1687,Alperen Şengün,alperennsengun
1688,Ramon Sessions,SessionsRamon
1689,Nate Sestina,NateSestina23
1690,Day'Ron Sharpe,dayron_sharpe
1691,Devontae Shuler,Devontae_Shuler
1692,Iman Shumpert,imanshumpert
1693,Bobby Simmons,bobbysimmons21
1694,Aamir Simms,EarlShmitty_
1695,Henry Sims,H_Sims14
1696,Jericho Sims,
1697,Kyle Singler,KyleSingler
1698,Chris Singleton,C_SING31
1699,Deividas Sirvydis,
1700,Peyton Siva,PeypeySiva3
1701,Tamar Slay,slay9
1702,Donald Sloan,dsloan15
1703,Javonte Smart,JavonteSmart
1704,Marcus Smart,smart_MS3
1705,Chris Smith,SCS599
1706,Craig Smith,Csmeezy1
1707,Dru Smith,dru_smith_12
1708,Greg Smith,Ju_Smith4
1709,Ish Smith,IshSmith
1710,J.R. Smith,TheRealJRSmith
1711,Jason Smith,JasonSmith014
1712,Joe Smith,JoeBeast95
1713,Kenny Smith,TheJetOnTNT
1714,Steve Smith,steve21smith
1715,Tony Smith,AnalystTSmith34
1716,Xavier Sneed,Luh_Sneed
1717,Tony Snell,TonySnell21_
1718,Marreese Speights,Mospeights16
1719,Tiago Splitter,tiagosplitter
1720,Larry Spriggs,spriggy35
1721,Jaden Springer,jadenspringer11
1722,Jerry Stackhouse,jerrystackhouse
1723,Terence Stansbury,360StatueofLibe
1724,John Starks,StarksTheDunk
1725,Nik Stauskas,NStauskas11
1726,Lance Stephenson,StephensonLance
1727,DJ Steward,swipasnipa
1728,D. J. Stewart Jr.,djstewart187
1729,Greg Stiemsma,gregstiemsma
1730,Jarnell Stokes,JarnellStokes
1731,Julyan Stone,Julyan_Stone
1732,Rod Strickland,rod_strickland
1733,Jalen Suggs,jalensuggs
1734,Jared Sullinger,Jared_Sully0
1735,Craig Sword,
1736,Wally Szczerbiak,wallyball
1737,Chris Taft,BlessedTaft
1738,Anthony Tarke,AnthonyTarke
1739,Terry Taylor,TerryTaylor21
1740,Tyshawn Taylor,tyshawntaylor
1741,Jeff Teague,Teague0
1742,MaCio Teague,_MrDoWork
1743,Marquis Teague,marquisteague25
1744,Sebastian Telfair,BassyS31T
1745,Garrett Temple,GTemp17
1746,Jason Terry,jasonterry31
1747,Jon Teske,JonTeske
1748,Hasheem Thabeet,HasheemTheDream
1749,Xavier Thames,Xthames2
1750,Reggie Theus,ReggieTheus
1751,Adonis Thomas,AllDayThomas
1752,Brodric Thomas,TheReal__BT3
1753,Cam Thomas,24_camthomas
1754,Isaiah Thomas,isaiahthomas
1755,Isiah Thomas,IsiahThomas
1756,Lance Thomas,MrLance42
1757,Ethan Thompson,_ethanthompson5
1758,Jason Thompson,jtthekid
1759,Klay Thompson,KlayThompson
1760,Mychal Thompson,champagnennuts
1761,Tristan Thompson,RealTristan13
1762,JT Thor,thorrjt
1763,Al Thornton,AThornton14
1764,Marcus Thornton,OfficialMT23
1765,Tre'Shawn Thurman,
1766,Justin Tillman,
1767,Jeremiah Tilmon,jeremiahtilmon_
1768,Jamaal Tinsley,jatinsley
1769,Isaiah Todd,zaytodd
1770,Anthony Tolliver,ATolliver44
1771,Ronny Turiaf,Ronny_Turiaf
1772,Evan Turner,thekidet
1773,Breein Tyree,Breeintyree
1774,Ekpe Udoh,EkpeUdoh
1775,Jonas Valančiūnas,JValanciunas
1776,Nick Van Exel,vanexel31
1777,Jarvis Varnado,RealSwat32
1778,Greivis Vásquez,greivisvasquez
1779,Christian Vital,I_AMCV
1780,Nikola Vučević,NikolaVucevic
1781,Dwyane Wade,DwyaneWade
1782,Von Wafer,vonwafer13
1783,Franz Wagner,franzboogie
1784,Ish Wainright,Wainright24
1785,Dion Waiters,dionwaiters3
1786,Antoine Walker,WalkerAntoine8
1787,Kemba Walker,KembaWalker
1788,M.J. Walker,Mjwalker_23
1789,John Wall,JohnWall
1790,Bill Walton,BillWalton
1791,John Warren,
1792,T.J. Warren,TonyWarrenJr
1793,Hakim Warrick,hdubb21
1794,Duane Washington,
1795,Duane Washington Jr.,dwizthekid4
1796,Trendon Watford,trendonw
1797,C.J. Watson,quietstorm_32
1798,Earl Watson,Earl_Watson
1799,Ibi Watson,ibi_watson_2
1800,Maalik Wayns,MaalikWayns2
1801,Chris Webber,realchriswebber
1802,Romeo Weems,romeoweems_uno
1803,Bonzi Wells,BonziWells
1804,Bill Wennington,34billy42
1805,David West,D_West30
1806,Delonte West,delontewest
1807,Mark West,mwest41
1808,Russell Westbrook,russwest44
1809,Joe Wieskamp,JWieskamp21
1810,Aaron Wiggins,Aaron_Wiggins_
1811,Andrew Wiggins,22wiggins
1812,C.J. Wilcox,UCjwilcox23W
1813,Damien Wilkins,dwilkins3000
1814,Dominique Wilkins,DWilkins21
1815,Brandon Williams,TheeBWill
1816,Deron Williams,DeronWilliams
1817,Derrick Williams,DWXXIII
1818,Elliot Williams,ewill901
1819,Jay Williams,RealJayWilliams
1820,Jerome Williams,JunkYardDogJW
1821,Mo Williams,mowilliams
1822,Reggie Williams,reggiew55
1823,Shelden Williams,SheldenWilliams
1824,Ziaire Williams,therealZiaire
1825,Dylan Windler,Dylan_Windler23
1826,Dave Winfield,DaveWinfieldHOF
1827,Jeff Withey,JeffWithey
1828,Nate Wolters,NateWolters
1829,James Worthy,JamesWorthy42
1830,Brandan Wright,bwright34
1831,Chris Wright,flyght33wright
1832,Dorell Wright,DWRIGHTWAY1
1833,McKinley Wright IV,kin_wright25
1834,Moses Wright,mant12_
1835,Tony Wroten,TWroten_LOE
1836,James Young,realjamesyoung
1837,Nick Young,NickSwagyPYoung
1838,Thaddeus Young,yungsmoove21
1839,Zeke Zawoluk,
1840,Marcus Zegarowski,MZegarowski1
1841,Cody Zeller,CodyZeller
1842,Tyler Zeller,ZellerTyler
1843,Cameron Johnson,camjohnson23